{
    "epoch": 25.0,
    "eval_loss": 6.230334281921387,
    "eval_runtime": 14.4279,
    "eval_samples_per_second": 23.358,
    "eval_steps_per_second": 5.891,
    "total_flos": 3.064554823318733e+17,
    "train_loss": 0.23232732641980014,
    "train_runtime": 10116.7774,
    "train_samples_per_second": 7.493,
    "train_steps_per_second": 3.746
}