{
    "predict_bleu-4": 7.091244999999999,
    "predict_model_preparation_time": 0.0046,
    "predict_rouge-1": 29.19475,
    "predict_rouge-2": 5.8291200000000005,
    "predict_rouge-l": 22.492110000000004,
    "predict_runtime": 6.9674,
    "predict_samples_per_second": 2.871,
    "predict_steps_per_second": 0.144
}