{
    "epoch": 20.0,
    "eval_loss": 4.550690650939941,
    "eval_runtime": 13.4216,
    "eval_samples_per_second": 25.109,
    "eval_steps_per_second": 6.333,
    "total_flos": 2.5149666609974477e+17,
    "train_loss": 0.2759837527189992,
    "train_runtime": 8728.5497,
    "train_samples_per_second": 6.934,
    "train_steps_per_second": 3.467
}