{
    "epoch": 20.0,
    "eval_loss": 6.1365814208984375,
    "eval_runtime": 11.622,
    "eval_samples_per_second": 28.997,
    "eval_steps_per_second": 7.314,
    "total_flos": 2.142656108318638e+17,
    "train_loss": 0.3349858306313944,
    "train_runtime": 8160.4276,
    "train_samples_per_second": 7.433,
    "train_steps_per_second": 3.718
}