{
    "predict_bleu-4": 5.15374,
    "predict_model_preparation_time": 0.0049,
    "predict_rouge-1": 23.49631,
    "predict_rouge-2": 4.2844549999999995,
    "predict_rouge-l": 17.447610000000005,
    "predict_runtime": 36.294,
    "predict_samples_per_second": 0.551,
    "predict_steps_per_second": 0.028
}