{
    "epoch": 20.0,
    "total_flos": 2.1371559132981658e+17,
    "train_loss": 0.33597179984795256,
    "train_runtime": 8051.693,
    "train_samples_per_second": 7.544,
    "train_steps_per_second": 3.773
}