{
    "epoch": 20.0,
    "eval_loss": 4.517308235168457,
    "eval_runtime": 13.4174,
    "eval_samples_per_second": 25.117,
    "eval_steps_per_second": 3.205,
    "total_flos": 2.526779307660411e+17,
    "train_loss": 0.2759292060592873,
    "train_runtime": 9113.1132,
    "train_samples_per_second": 6.654,
    "train_steps_per_second": 3.327
}