{
    "epoch": 20.0,
    "total_flos": 2.543064142876508e+17,
    "train_loss": 0.021288126887697163,
    "train_runtime": 4310.0793,
    "train_samples_per_second": 14.088,
    "train_steps_per_second": 7.044
}