{
    "epoch": 20.0,
    "eval_loss": 6.273565292358398,
    "eval_runtime": 11.5624,
    "eval_samples_per_second": 29.146,
    "eval_steps_per_second": 7.351,
    "total_flos": 2.1329456773821235e+17,
    "train_loss": 0.3359194846140678,
    "train_runtime": 7742.8025,
    "train_samples_per_second": 7.832,
    "train_steps_per_second": 3.916
}